scenario,VaR,CVaR,mean_return,volatility
Base,0.06321330478355773,0.08175902086082865,0.006760164089731888,0.042668305675590094
Base,0.06321330478355779,0.08182070712331242,0.006635006444250035,0.04268588051309969
Moderate stress,0.084154429785693,0.10774683709268061,0.00602018855805063,0.05490155537488673
High stress,0.11327232236335308,0.14404815684405844,0.006424893362481003,0.07228983612955524
